{"cookie":{"originalMaxAge":null,"expires":null,"httpOnly":true,"path":"/"},"flash":{"error":["Email and Password Does Not Match."]},"__lastAccess":1524726562905,"user":{"role_id":1,"_id":"5a018697a4315d0ed45f1c09","active_hash":"$2a$10$KSTt2eY7HoSBHRzQXn1bGOWE76RwZjPdgjymo37v3EX2nWiN7ffoe","status":"active","updated_date":"2017-11-07T10:10:31.000Z","created_date":"2017-11-07T10:10:31.000Z","name":"quangvu","password":"$2a$08$fG8fOZ2dHdbfrPaBihhxK.KzH9eWUmrVmkUEPwtzBCaRPkypb7I.2","mail":"quangquangvu@gmail.com","__v":0,"user_name":"quangvu"},"passport":{"user":{"role_id":1,"_id":"5a018697a4315d0ed45f1c09","active_hash":"$2a$10$KSTt2eY7HoSBHRzQXn1bGOWE76RwZjPdgjymo37v3EX2nWiN7ffoe","status":"active","updated_date":"2017-11-07T10:10:31.000Z","created_date":"2017-11-07T10:10:31.000Z","name":"quangvu","password":"$2a$08$fG8fOZ2dHdbfrPaBihhxK.KzH9eWUmrVmkUEPwtzBCaRPkypb7I.2","mail":"quangquangvu@gmail.com","__v":0,"user_name":"quangvu"}}}